<?xml version="1.0" encoding="UTF-8"?>
<!DOCTYPE U SYSTEM "U.dtd" >
<U>
  <thing id="Lojong">
    <thing><p>First, train in the preliminaries; The four reminders.[8] or alternatively called the Four Thoughts[9]</p></thing>
    <thing><p>Regard all dharmas as dreams; although experiences may seem solid, they are passing memories.</p></thing>
    <thing><p>Examine the nature of unborn awareness.</p></thing>
    <thing><p>Self-liberate even the antidote.</p></thing>
    <thing><p>Rest in the nature of alaya, the essence, the present moment.</p></thing>
    <thing><p>In postmeditation, be a child of illusion.</p></thing>
    <thing><p>Sending and taking should be practiced alternately. These two should ride the breath (aka. practice Tonglen).</p></thing>
    <thing><p>Three objects, three poisons, three roots of virtue -- The 3 objects are friends, enemies and neutrals. The 3 poisons are craving, aversion and indifference. The 3 roots of virtue are the remedies.</p></thing>
    <thing><p>In all activities, train with slogans.</p></thing>
    <thing><p>Begin the sequence of sending and taking with yourself.</p></thing>
    <thing><p>When the world is filled with evil, transform all mishaps into the path of bodhi.</p></thing>
    <thing><p>Drive all blames into one.</p></thing>
    <thing><p>Be grateful to everyone.</p></thing>
    <thing><p>Seeing confusion as the four kayas is unsurpassable shunyata protection.</p></thing>
    <thing><p>Four practices are the best of methods.</p></thing>
    <thing><p>Whatever you meet unexpectedly, join with meditation.</p></thing>
    <thing><p>Practice the five strengths, the condensed heart instructions.</p></thing>
    <thing><p>The mahayana instruction for ejection of consciousness at death is the five strengths: how you conduct yourself is important.</p></thing>
    <thing><p>All dharma agrees at one point -- All Buddhist teachings are about lessening the ego, lessening one's self-absorption.</p></thing>
    <thing><p>Of the two witnesses, hold the principal one -- You know yourself better than anyone else knows you</p></thing>
    <thing><p>Always maintain only a joyful mind.</p></thing>
    <thing><p>If you can practice even when distracted, you are well trained.</p></thing>
    <thing><p>Always abide by the three basic principles -- Dedication to your practice, refraining from outrageous conduct, developing patience.</p></thing>
    <thing><p>Change your attitude, but remain natural.-- Reduce ego clinging, but be yourself.</p></thing>
    <thing><p>Don't talk about injured limbs -- Don't take pleasure contemplating others defects.</p></thing>
    <thing><p>Don't ponder others -- Don't take pleasure contemplating others weaknesses.</p></thing>
    <thing><p>Work with the greatest defilements first -- Work with your greatest obstacles first.</p></thing>
    <thing><p>Abandon any hope of fruition -- Don't get caught up in how you will be in the future, stay in the present moment.</p></thing>
    <thing><p>Abandon poisonous food.</p></thing>
    <thing><p>Don't be so predictable -- Don't hold grudges.</p></thing>
    <thing><p>Don't malign others.</p></thing>
    <thing><p>Don't wait in ambush -- Don't wait for others weaknesses to show to attack them.</p></thing>
    <thing><p>Don't bring things to a painful point -- Don't humiliate others.</p></thing>
    <thing><p>Don't transfer the ox's load to the cow -- Take responsibility for yourself.</p></thing>
    <thing><p>Don't try to be the fastest -- Don't compete with others.</p></thing>
    <thing><p>Don't act with a twist -- Do good deeds without scheming about benefiting yourself.</p></thing>
    <thing><p>Don't turn gods into demons -- Don't use these slogans or your spirituality to increase your self-absorption</p></thing>
    <thing><p>Don't seek others' pain as the limbs of your own happiness.</p></thing>
    <thing><p>All activities should be done with one intention.</p></thing>
    <thing><p>Correct all wrongs with one intention.</p></thing>
    <thing><p>Two activities: one at the beginning, one at the end.</p></thing>
    <thing><p>Whichever of the two occurs, be patient.</p></thing>
    <thing><p>Observe these two, even at the risk of your life.</p></thing>
    <thing><p>Train in the three difficulties.</p></thing>
    <thing><p>Take on the three principal causes: the teacher, the dharma, the sangha.</p></thing>
    <thing><p>Pay heed that the three never wane: gratitude towards one's teacher, appreciation of the dharma (teachings) and correct conduct.</p></thing>
    <thing><p>Keep the three inseparable: body, speech, and mind.</p></thing>
    <thing><p>Train without bias in all areas. It is crucial always to do this pervasively and wholeheartedly.</p></thing>
    <thing><p>Always meditate on whatever provokes resentment.</p></thing>
    <thing><p>Don't be swayed by external circumstances.</p></thing>
    <thing><p>This time, practice the main points: others before self, dharma, and awakening compassion.</p></thing>
    <thing><p>Don't misinterpret.</p></thing>
    <thing><p>Don't vacillate (in your practice of LoJong).</p></thing>
    <thing><p>Train wholeheartedly.</p></thing>
    <thing><p>Liberate yourself by examining and analyzing: Know your own mind with honesty and fearlessness.</p></thing>
    <thing><p>Don't wallow in self-pity.</p></thing>
    <thing><p>Don't be jealous.</p></thing>
    <thing><p>Don't be frivolous.</p></thing>
    <thing><p>Don't expect applause.</p></thing>
  </thing>

  
  <ref name="text" src="//U/thing[@id='Lojong']"></ref>

</U>
